{
  "people": [
    {
      "id": 1,
      "firstName": "Noak",
      "lastName": "De Brett",
      "dateOfBirth": "2/4/1999",
      "sex": "M"
    },
    {
      "id": 2,
      "firstName": "Agata",
      "lastName": "Strute",
      "dateOfBirth": "9/3/2012",
      "sex": "F"
    },
    {
      "id": 3,
      "firstName": "Alexandre",
      "lastName": "Hutcheon",
      "dateOfBirth": "6/14/1990",
      "sex": "M"
    },
    {
      "id": 4,
      "firstName": "Kayla",
      "lastName": "Gullan",
      "dateOfBirth": "6/5/2007",
      "sex": "F"
    },
    {
      "id": 5,
      "firstName": "Izak",
      "lastName": "Jessop",
      "dateOfBirth": "1/13/1973",
      "sex": "M"
    },
    {
      "id": 6,
      "firstName": "Etan",
      "lastName": "McCullen",
      "dateOfBirth": "6/28/2016",
      "sex": "M"
    },
    {
      "id": 7,
      "firstName": "Salaidh",
      "lastName": "Kolak",
      "dateOfBirth": "2/8/2004",
      "sex": "F"
    },
    {
      "id": 8,
      "firstName": "Purcell",
      "lastName": "Clatworthy",
      "dateOfBirth": "11/6/1998",
      "sex": "M"
    },
    {
      "id": 9,
      "firstName": "Chariot",
      "lastName": "Hans",
      "dateOfBirth": "12/10/1986",
      "sex": "M"
    },
    {
      "id": 10,
      "firstName": "Anne-marie",
      "lastName": "Sowersby",
      "dateOfBirth": "11/18/2015",
      "sex": "F"
    },
    {
      "id": 11,
      "firstName": "Osborn",
      "lastName": "Revill",
      "dateOfBirth": "9/2/2016",
      "sex": "M"
    },
    {
      "id": 12,
      "firstName": "Harlin",
      "lastName": "Spreag",
      "dateOfBirth": "1/6/2011",
      "sex": "M"
    },
    {
      "id": 13,
      "firstName": "Sven",
      "lastName": "Simoni",
      "dateOfBirth": "4/8/1977",
      "sex": "M"
    },
    {
      "id": 14,
      "firstName": "Cherise",
      "lastName": "Cissen",
      "dateOfBirth": "3/15/1991",
      "sex": "F"
    },
    {
      "id": 15,
      "firstName": "Madelina",
      "lastName": "Ribbens",
      "dateOfBirth": "1/14/1971",
      "sex": "F"
    },
    {
      "id": 16,
      "firstName": "Beatriz",
      "lastName": "Heys",
      "dateOfBirth": "12/3/1996",
      "sex": "F"
    },
    {
      "id": 17,
      "firstName": "Wesley",
      "lastName": "Breddy",
      "dateOfBirth": "4/2/2015",
      "sex": "M"
    },
    {
      "id": 18,
      "firstName": "Doug",
      "lastName": "Crammy",
      "dateOfBirth": "5/5/1999",
      "sex": "M"
    },
    {
      "id": 19,
      "firstName": "Delilah",
      "lastName": "Willford",
      "dateOfBirth": "1/29/2016",
      "sex": "F"
    },
    {
      "id": 20,
      "firstName": "Winifield",
      "lastName": "Powderham",
      "dateOfBirth": "7/1/1993",
      "sex": "M"
    },
    {
      "id": 21,
      "firstName": "Auroora",
      "lastName": "Daniele",
      "dateOfBirth": "12/26/2001",
      "sex": "F"
    },
    {
      "id": 22,
      "firstName": "Freddi",
      "lastName": "Riddiford",
      "dateOfBirth": "5/29/1989",
      "sex": "F"
    },
    {
      "id": 23,
      "firstName": "Renado",
      "lastName": "Boeter",
      "dateOfBirth": "3/8/1988",
      "sex": "M"
    },
    {
      "id": 24,
      "firstName": "Flossi",
      "lastName": "Staning",
      "dateOfBirth": "10/30/1994",
      "sex": "F"
    },
    {
      "id": 25,
      "firstName": "Germaine",
      "lastName": "McAvin",
      "dateOfBirth": "7/10/1981",
      "sex": "M"
    },
    {
      "id": 26,
      "firstName": "Bonnibelle",
      "lastName": "Desson",
      "dateOfBirth": "6/28/1981",
      "sex": "F"
    },
    {
      "id": 27,
      "firstName": "Gilberte",
      "lastName": "Ianilli",
      "dateOfBirth": "1/15/1976",
      "sex": "F"
    },
    {
      "id": 28,
      "firstName": "Melina",
      "lastName": "Tweedell",
      "dateOfBirth": "7/1/2015",
      "sex": "F"
    },
    {
      "id": 29,
      "firstName": "Marje",
      "lastName": "Morgon",
      "dateOfBirth": "3/24/1991",
      "sex": "F"
    },
    {
      "id": 30,
      "firstName": "Trever",
      "lastName": "Flieger",
      "dateOfBirth": "10/24/1976",
      "sex": "M"
    },
    {
      "id": 31,
      "firstName": "Gustave",
      "lastName": "Vinsen",
      "dateOfBirth": "4/20/2019",
      "sex": "M"
    },
    {
      "id": 32,
      "firstName": "Meriel",
      "lastName": "Matisse",
      "dateOfBirth": "2/1/1981",
      "sex": "F"
    },
    {
      "id": 33,
      "firstName": "Maureene",
      "lastName": "Happert",
      "dateOfBirth": "4/24/2016",
      "sex": "F"
    },
    {
      "id": 34,
      "firstName": "Leopold",
      "lastName": "Benediktovich",
      "dateOfBirth": "1/9/2009",
      "sex": "M"
    },
    {
      "id": 35,
      "firstName": "Ozzy",
      "lastName": "Cornbell",
      "dateOfBirth": "5/6/1998",
      "sex": "M"
    },
    {
      "id": 36,
      "firstName": "Garfield",
      "lastName": "Tuvey",
      "dateOfBirth": "7/12/2020",
      "sex": "M"
    },
    {
      "id": 37,
      "firstName": "Charil",
      "lastName": "Bresman",
      "dateOfBirth": "12/5/2006",
      "sex": "F"
    },
    {
      "id": 38,
      "firstName": "Margi",
      "lastName": "Chittenden",
      "dateOfBirth": "10/20/1996",
      "sex": "F"
    },
    {
      "id": 39,
      "firstName": "Benjy",
      "lastName": "Feldklein",
      "dateOfBirth": "7/25/1977",
      "sex": "M"
    },
    {
      "id": 40,
      "firstName": "Doralin",
      "lastName": "Allanby",
      "dateOfBirth": "4/21/2001",
      "sex": "F"
    },
    {
      "id": 41,
      "firstName": "Caspar",
      "lastName": "Mantram",
      "dateOfBirth": "9/26/2020",
      "sex": "M"
    },
    {
      "id": 42,
      "firstName": "Dorie",
      "lastName": "MacGall",
      "dateOfBirth": "10/25/1980",
      "sex": "M"
    },
    {
      "id": 43,
      "firstName": "Massimo",
      "lastName": "De Dei",
      "dateOfBirth": "11/7/1985",
      "sex": "M"
    },
    {
      "id": 44,
      "firstName": "Fionna",
      "lastName": "Slyne",
      "dateOfBirth": "4/9/2012",
      "sex": "F"
    },
    {
      "id": 45,
      "firstName": "Humfrey",
      "lastName": "Boate",
      "dateOfBirth": "1/4/2012",
      "sex": "M"
    },
    {
      "id": 46,
      "firstName": "Tremaine",
      "lastName": "Tysack",
      "dateOfBirth": "10/21/2007",
      "sex": "M"
    },
    {
      "id": 47,
      "firstName": "Corey",
      "lastName": "Baxster",
      "dateOfBirth": "2/1/2016",
      "sex": "M"
    },
    {
      "id": 48,
      "firstName": "Orsa",
      "lastName": "Birkenhead",
      "dateOfBirth": "9/12/1972",
      "sex": "F"
    },
    {
      "id": 49,
      "firstName": "Harman",
      "lastName": "Brambley",
      "dateOfBirth": "8/27/1989",
      "sex": "M"
    },
    {
      "id": 50,
      "firstName": "Ram",
      "lastName": "Aspy",
      "dateOfBirth": "7/17/1983",
      "sex": "M"
    },
    {
      "id": 51,
      "firstName": "Clayborn",
      "lastName": "Coleridge",
      "dateOfBirth": "3/27/1990",
      "sex": "M"
    },
    {
      "id": 52,
      "firstName": "Weidar",
      "lastName": "Laurentin",
      "dateOfBirth": "6/18/1972",
      "sex": "M"
    },
    {
      "id": 53,
      "firstName": "Hamlin",
      "lastName": "Allenby",
      "dateOfBirth": "6/21/1978",
      "sex": "M"
    },
    {
      "id": 54,
      "firstName": "Bernarr",
      "lastName": "Hughson",
      "dateOfBirth": "5/14/1981",
      "sex": "M"
    },
    {
      "id": 55,
      "firstName": "Mariann",
      "lastName": "Birchenhead",
      "dateOfBirth": "10/3/1986",
      "sex": "F"
    },
    {
      "id": 56,
      "firstName": "Brynna",
      "lastName": "Wrefford",
      "dateOfBirth": "10/4/1991",
      "sex": "F"
    },
    {
      "id": 57,
      "firstName": "Susanna",
      "lastName": "Pelerin",
      "dateOfBirth": "8/1/2011",
      "sex": "F"
    },
    {
      "id": 58,
      "firstName": "Stearn",
      "lastName": "McConnel",
      "dateOfBirth": "9/15/1995",
      "sex": "M"
    },
    {
      "id": 59,
      "firstName": "Theodoric",
      "lastName": "Smitherman",
      "dateOfBirth": "3/14/2020",
      "sex": "M"
    },
    {
      "id": 60,
      "firstName": "Mayer",
      "lastName": "Bartak",
      "dateOfBirth": "2/27/2014",
      "sex": "M"
    },
    {
      "id": 61,
      "firstName": "Nonnah",
      "lastName": "Mathias",
      "dateOfBirth": "4/23/1970",
      "sex": "F"
    },
    {
      "id": 62,
      "firstName": "Evaleen",
      "lastName": "Hancke",
      "dateOfBirth": "5/14/2019",
      "sex": "F"
    },
    {
      "id": 63,
      "firstName": "Ham",
      "lastName": "Lourenco",
      "dateOfBirth": "12/10/2005",
      "sex": "M"
    },
    {
      "id": 64,
      "firstName": "Humfried",
      "lastName": "Mishaw",
      "dateOfBirth": "8/23/1974",
      "sex": "M"
    },
    {
      "id": 65,
      "firstName": "Modestia",
      "lastName": "Rabbe",
      "dateOfBirth": "5/5/1980",
      "sex": "F"
    },
    {
      "id": 66,
      "firstName": "Drucie",
      "lastName": "Sute",
      "dateOfBirth": "7/29/2009",
      "sex": "F"
    },
    {
      "id": 67,
      "firstName": "Flynn",
      "lastName": "Venner",
      "dateOfBirth": "3/15/2019",
      "sex": "M"
    },
    {
      "id": 68,
      "firstName": "Cedric",
      "lastName": "Whapham",
      "dateOfBirth": "5/8/1979",
      "sex": "M"
    },
    {
      "id": 69,
      "firstName": "Clayson",
      "lastName": "Bever",
      "dateOfBirth": "6/28/1997",
      "sex": "M"
    },
    {
      "id": 70,
      "firstName": "Viviene",
      "lastName": "Matterdace",
      "dateOfBirth": "1/5/1988",
      "sex": "F"
    },
    {
      "id": 71,
      "firstName": "Gael",
      "lastName": "Whannel",
      "dateOfBirth": "3/13/2002",
      "sex": "M"
    },
    {
      "id": 72,
      "firstName": "Cecilio",
      "lastName": "Howlett",
      "dateOfBirth": "7/1/1987",
      "sex": "M"
    },
    {
      "id": 73,
      "firstName": "Rodrick",
      "lastName": "Bonnier",
      "dateOfBirth": "7/1/2010",
      "sex": "M"
    },
    {
      "id": 74,
      "firstName": "Teodoro",
      "lastName": "Stain",
      "dateOfBirth": "8/20/2012",
      "sex": "M"
    },
    {
      "id": 75,
      "firstName": "Pall",
      "lastName": "Gilogly",
      "dateOfBirth": "7/25/1989",
      "sex": "M"
    },
    {
      "id": 76,
      "firstName": "Ferrell",
      "lastName": "D'Onisi",
      "dateOfBirth": "8/7/1982",
      "sex": "M"
    },
    {
      "id": 77,
      "firstName": "Emery",
      "lastName": "Dene",
      "dateOfBirth": "8/11/2014",
      "sex": "M"
    },
    {
      "id": 78,
      "firstName": "Thurston",
      "lastName": "Heamus",
      "dateOfBirth": "6/11/1982",
      "sex": "M"
    },
    {
      "id": 79,
      "firstName": "Dew",
      "lastName": "Cleaver",
      "dateOfBirth": "6/10/1992",
      "sex": "M"
    },
    {
      "id": 80,
      "firstName": "Mel",
      "lastName": "Magovern",
      "dateOfBirth": "1/22/1990",
      "sex": "F"
    },
    {
      "id": 81,
      "firstName": "Nadean",
      "lastName": "Grimsdike",
      "dateOfBirth": "4/26/1989",
      "sex": "F"
    },
    {
      "id": 82,
      "firstName": "Amalia",
      "lastName": "Ratnege",
      "dateOfBirth": "1/15/1983",
      "sex": "F"
    },
    {
      "id": 83,
      "firstName": "Camile",
      "lastName": "Haysham",
      "dateOfBirth": "6/28/2006",
      "sex": "F"
    },
    {
      "id": 84,
      "firstName": "Valry",
      "lastName": "Lawden",
      "dateOfBirth": "4/18/2009",
      "sex": "F"
    },
    {
      "id": 85,
      "firstName": "Bryon",
      "lastName": "McAllaster",
      "dateOfBirth": "5/14/2010",
      "sex": "M"
    },
    {
      "id": 86,
      "firstName": "Gloriana",
      "lastName": "Druce",
      "dateOfBirth": "10/10/1989",
      "sex": "F"
    },
    {
      "id": 87,
      "firstName": "Gennie",
      "lastName": "Krebs",
      "dateOfBirth": "7/31/1981",
      "sex": "F"
    },
    {
      "id": 88,
      "firstName": "Ring",
      "lastName": "Olivetta",
      "dateOfBirth": "4/9/2021",
      "sex": "M"
    },
    {
      "id": 89,
      "firstName": "Karlotte",
      "lastName": "Sporton",
      "dateOfBirth": "5/22/1981",
      "sex": "F"
    },
    {
      "id": 90,
      "firstName": "Anthea",
      "lastName": "Tidcombe",
      "dateOfBirth": "8/14/1992",
      "sex": "F"
    },
    {
      "id": 91,
      "firstName": "Hugues",
      "lastName": "Thomel",
      "dateOfBirth": "1/20/2019",
      "sex": "M"
    },
    {
      "id": 92,
      "firstName": "Babbie",
      "lastName": "Thomazet",
      "dateOfBirth": "3/15/1995",
      "sex": "F"
    },
    {
      "id": 93,
      "firstName": "Simonette",
      "lastName": "McGaraghan",
      "dateOfBirth": "12/14/1995",
      "sex": "F"
    },
    {
      "id": 94,
      "firstName": "Brew",
      "lastName": "Spillman",
      "dateOfBirth": "2/2/2017",
      "sex": "M"
    },
    {
      "id": 95,
      "firstName": "Randolf",
      "lastName": "Sylvester",
      "dateOfBirth": "7/24/1974",
      "sex": "M"
    },
    {
      "id": 96,
      "firstName": "Krishnah",
      "lastName": "Howison",
      "dateOfBirth": "12/31/2012",
      "sex": "M"
    },
    {
      "id": 97,
      "firstName": "Georgette",
      "lastName": "Stroband",
      "dateOfBirth": "6/11/2010",
      "sex": "F"
    },
    {
      "id": 98,
      "firstName": "Judah",
      "lastName": "Lepere",
      "dateOfBirth": "8/31/1989",
      "sex": "M"
    },
    {
      "id": 99,
      "firstName": "Talbot",
      "lastName": "Parsisson",
      "dateOfBirth": "9/13/2014",
      "sex": "M"
    },
    {
      "id": 100,
      "firstName": "Patton",
      "lastName": "Shedden",
      "dateOfBirth": "4/13/2013",
      "sex": "M"
    }
  ]
}