{
    "categories": [
        {
            "description": "Alimentos",
            "id": 1
        },
        {
            "description": "Bebidas",
            "id": 2
        },
        {
            "description": "Productos de Aseo",
            "id": 3
        },
        {
            "description": "Ropa",
            "id": 4
        },
        {
            "description": "Medicamentos",
            "id": 5
        }
    ],
    "products": [
        {
            "categoryId": 1,
            "description": "Arroz",
            "eanCode": "7707548516286",
            "id": 1,
            "price": 500.0,
            "unit": "Lb"
        },
        {
            "categoryId": 1,
            "description": "Papa",
            "eanCode": "7707548941507",
            "id": 2,
            "price": 1500.0,
            "unit": "Lb"
        },
        {
            "categoryId": 2,
            "description": "Cocacola",
            "eanCode": "7707548160274",
            "id": 3,
            "price": 2500.0,
            "unit": "Lb"
        },
        {
            "categoryId": 2,
            "description": "Pepsi",
            "eanCode": "7707548110958",
            "id": 4,
            "price": 2500.0,
            "unit": "Und"
        },
        {
            "categoryId": 3,
            "description": "Detergente",
            "eanCode": "7707548758303",
            "id": 5,
            "price": 12500.0,
            "unit": "Kg"
        },
        {
            "categoryId": 3,
            "description": "Cloro",
            "eanCode": "7707548210801",
            "id": 6,
            "price": 21500.0,
            "unit": "CC"
        },
        {
            "categoryId": 4,
            "description": "Camisa",
            "eanCode": "7707548472247",
            "id": 7,
            "price": 1500.0,
            "unit": "Und"
        },
        {
            "categoryId": 4,
            "description": "Pantalon",
            "eanCode": "7707548427902",
            "id": 8,
            "price": 1500.0,
            "unit": "Und"
        },
        {
            "categoryId": 5,
            "description": "Jarabe para la Tos",
            "eanCode": "7707548799412",
            "id": 9,
            "price": 32500.0,
            "unit": "Und"
        },
        {
            "categoryId": 5,
            "description": "Aspirina 500 mg x 20 Unidades",
            "eanCode": "7707548861546",
            "id": 10,
            "price": 42500.0,
            "unit": "Caja"
        }
    ]
}